id;num;first_name;last_name;user_name;etablissement_ref
1;15334;Maynard;Spinka-Kunze;intermarry where;bandwidth
2;17107;Rahsaan;Kiehn;square;catalog quaver ick
3;23196;Garnett;Labadie;and;fort concerning
4;6221;Ocie;Glover;without catch excepting;er brandish
5;22752;Jaqueline;Stokes;notwithstanding awesome majestically;harp sin outsource
6;25499;Estevan;Pouros;helplessly reflecting;yuck
7;26324;Concepcion;Kling;yahoo;solidly now break
8;6382;Maxwell;Bradtke;obediently eek fooey;onto
9;9316;Elroy;Considine;observe sushi;er replicate positively
10;14979;Norma;Kuhlman;how pfft till;ick gadzooks
